mainor strain,   major strain
-0.268, 0.451000000000000
0,  0.173000000000000
0.065,  0.220000000000000
0.1,    0.240000000000000
0.17,   0.290000000000000
0.3,    0.340000000000000
